BEGIN;

INSERT INTO departments (id,name,path) VALUES
('d1000000-0000-0000-0000-000000000001','Разработка','engineering'),
('d1000000-0000-0000-0000-000000000002','Продукт','product')
ON CONFLICT (id) DO UPDATE SET name=EXCLUDED.name,path=EXCLUDED.path;

INSERT INTO users (id,email,password_hash,first_name,last_name,position,department_id,manager_id,is_active) VALUES
('10000000-0000-0000-0000-000000000001','manager.demo@idp.local',crypt('Demo12345',gen_salt('bf')),'Елена','Волкова','Руководитель разработки','d1000000-0000-0000-0000-000000000001',NULL,true),
('11000000-0000-0000-0000-000000000001','alexey.demo@idp.local',crypt('Demo12345',gen_salt('bf')),'Алексей','Морозов','Backend-разработчик','d1000000-0000-0000-0000-000000000001','10000000-0000-0000-0000-000000000001',true),
('11000000-0000-0000-0000-000000000002','maria.demo@idp.local',crypt('Demo12345',gen_salt('bf')),'Мария','Соколова','Frontend-разработчик','d1000000-0000-0000-0000-000000000001','10000000-0000-0000-0000-000000000001',true),
('11000000-0000-0000-0000-000000000003','ivan.demo@idp.local',crypt('Demo12345',gen_salt('bf')),'Иван','Петров','QA-инженер','d1000000-0000-0000-0000-000000000001','10000000-0000-0000-0000-000000000001',true),
('11000000-0000-0000-0000-000000000004','olga.demo@idp.local',crypt('Demo12345',gen_salt('bf')),'Ольга','Кузнецова','Системный аналитик','d1000000-0000-0000-0000-000000000001','10000000-0000-0000-0000-000000000001',true),
('11000000-0000-0000-0000-000000000005','dmitry.demo@idp.local',crypt('Demo12345',gen_salt('bf')),'Дмитрий','Лебедев','DevOps-инженер','d1000000-0000-0000-0000-000000000001','10000000-0000-0000-0000-000000000001',true)
ON CONFLICT (id) DO UPDATE SET email=EXCLUDED.email,password_hash=EXCLUDED.password_hash,first_name=EXCLUDED.first_name,
last_name=EXCLUDED.last_name,position=EXCLUDED.position,department_id=EXCLUDED.department_id,manager_id=EXCLUDED.manager_id,is_active=true;

INSERT INTO user_roles (user_id,role) VALUES
('10000000-0000-0000-0000-000000000001','employee'),('10000000-0000-0000-0000-000000000001','manager'),
('10000000-0000-0000-0000-000000000001','hr_admin'),
('11000000-0000-0000-0000-000000000001','employee'),('11000000-0000-0000-0000-000000000002','employee'),
('11000000-0000-0000-0000-000000000003','employee'),('11000000-0000-0000-0000-000000000004','employee'),
('11000000-0000-0000-0000-000000000005','employee') ON CONFLICT DO NOTHING;

INSERT INTO competencies (id,name,description,category,is_active) VALUES
('c1000000-0000-0000-0000-000000000001','Go','Разработка надёжных сервисов на Go','technical',true),
('c1000000-0000-0000-0000-000000000002','PostgreSQL','Проектирование схем и оптимизация запросов','technical',true),
('c1000000-0000-0000-0000-000000000003','React','Разработка интерфейсов на React','technical',true),
('c1000000-0000-0000-0000-000000000004','Системный дизайн','Проектирование масштабируемых систем','hard',true),
('c1000000-0000-0000-0000-000000000005','Коммуникация','Письменная и устная коммуникация','soft',true),
('c1000000-0000-0000-0000-000000000006','Наставничество','Развитие коллег и передача знаний','leadership',true),
('c1000000-0000-0000-0000-000000000007','Тестирование','Стратегия и автоматизация тестирования','hard',true),
('c1000000-0000-0000-0000-000000000008','CI/CD','Автоматизация сборки и доставки','technical',true)
ON CONFLICT (id) DO UPDATE SET name=EXCLUDED.name,description=EXCLUDED.description,category=EXCLUDED.category,is_active=true;

INSERT INTO competency_levels (competency_id,level,title,description)
SELECT c.id,l.level,CASE l.level WHEN 1 THEN 'Базовый' WHEN 2 THEN 'Рабочий' WHEN 3 THEN 'Продвинутый' ELSE 'Экспертный' END,
'Демонстрирует компетенцию на соответствующем уровне'
FROM competencies c CROSS JOIN generate_series(1,4) AS l(level)
WHERE c.id::text LIKE 'c1000000-%' ON CONFLICT DO NOTHING;

INSERT INTO task_categories (id,name) VALUES
('40000000-0000-0000-0000-000000000001','Обучение'),
('40000000-0000-0000-0000-000000000002','Практика'),
('40000000-0000-0000-0000-000000000003','Наставничество'),
('40000000-0000-0000-0000-000000000004','Сертификация'),
('40000000-0000-0000-0000-000000000005','Внутренний проект')
ON CONFLICT (id) DO UPDATE SET name=EXCLUDED.name;

INSERT INTO tags (id,name) VALUES
('50000000-0000-0000-0000-000000000001','Приоритет 2026'),
('50000000-0000-0000-0000-000000000002','Техническое развитие'),
('50000000-0000-0000-0000-000000000003','Soft skills'),
('50000000-0000-0000-0000-000000000004','Командная цель'),
('50000000-0000-0000-0000-000000000005','Самостоятельно')
ON CONFLICT (id) DO UPDATE SET name=EXCLUDED.name;

INSERT INTO idps (id,employee_id,manager_id,title,goals,start_date,end_date,status,cancel_reason,archived_at) VALUES
('20000000-0000-0000-0000-000000000001','11000000-0000-0000-0000-000000000001','10000000-0000-0000-0000-000000000001','Рост до Senior Backend Developer',E'- Углубить знания Go и PostgreSQL\n- Спроектировать сервис под нагрузкой\n- Провести внутренний доклад',CURRENT_DATE-INTERVAL '90 days',CURRENT_DATE+INTERVAL '90 days','active',NULL,NULL),
('20000000-0000-0000-0000-000000000002','11000000-0000-0000-0000-000000000002','10000000-0000-0000-0000-000000000001','Frontend performance и архитектура',E'- Освоить профилирование React\n- Снизить размер основного бандла\n- Улучшить доступность интерфейса',CURRENT_DATE-INTERVAL '60 days',CURRENT_DATE+INTERVAL '120 days','active',NULL,NULL),
('20000000-0000-0000-0000-000000000003','11000000-0000-0000-0000-000000000003','10000000-0000-0000-0000-000000000001','Автоматизация контроля качества',E'- Внедрить интеграционные тесты\n- Автоматизировать критические сценарии',CURRENT_DATE-INTERVAL '120 days',CURRENT_DATE+INTERVAL '45 days','active',NULL,NULL),
('20000000-0000-0000-0000-000000000004','11000000-0000-0000-0000-000000000004','10000000-0000-0000-0000-000000000001','Развитие системного анализа',E'- Улучшить моделирование процессов\n- Провести ревью требований команды',CURRENT_DATE-INTERVAL '30 days',CURRENT_DATE+INTERVAL '150 days','draft',NULL,NULL),
('20000000-0000-0000-0000-000000000005','11000000-0000-0000-0000-000000000005','10000000-0000-0000-0000-000000000001','Надёжный CI/CD',E'- Сократить время сборки\n- Добавить контроль качества пайплайнов',CURRENT_DATE-INTERVAL '80 days',CURRENT_DATE+INTERVAL '100 days','active',NULL,NULL),
('20000000-0000-0000-0000-000000000006','11000000-0000-0000-0000-000000000001','10000000-0000-0000-0000-000000000001','Основы backend-разработки','Освоить базовые практики разработки API',CURRENT_DATE-INTERVAL '420 days',CURRENT_DATE-INTERVAL '240 days','completed',NULL,NULL),
('20000000-0000-0000-0000-000000000007','11000000-0000-0000-0000-000000000002','10000000-0000-0000-0000-000000000001','React и TypeScript','Перейти к самостоятельной разработке модулей',CURRENT_DATE-INTERVAL '360 days',CURRENT_DATE-INTERVAL '180 days','completed',NULL,NULL),
('20000000-0000-0000-0000-000000000008','11000000-0000-0000-0000-000000000003','10000000-0000-0000-0000-000000000001','Ручное тестирование продукта','Освоить тест-дизайн и документирование дефектов',CURRENT_DATE-INTERVAL '300 days',CURRENT_DATE-INTERVAL '150 days','completed',NULL,NULL),
('20000000-0000-0000-0000-000000000009','11000000-0000-0000-0000-000000000004','10000000-0000-0000-0000-000000000001','Курс публичных выступлений','Развить навыки презентации результатов',CURRENT_DATE-INTERVAL '200 days',CURRENT_DATE-INTERVAL '80 days','cancelled','Изменились приоритеты проекта',NULL)
ON CONFLICT (id) DO UPDATE SET title=EXCLUDED.title,goals=EXCLUDED.goals,start_date=EXCLUDED.start_date,end_date=EXCLUDED.end_date,
status=EXCLUDED.status,cancel_reason=EXCLUDED.cancel_reason,archived_at=NULL,updated_at=NOW();

INSERT INTO idp_competencies (idp_id,competency_id,current_level,target_level) VALUES
('20000000-0000-0000-0000-000000000001','c1000000-0000-0000-0000-000000000001',2,4),
('20000000-0000-0000-0000-000000000001','c1000000-0000-0000-0000-000000000002',2,3),
('20000000-0000-0000-0000-000000000001','c1000000-0000-0000-0000-000000000004',1,3),
('20000000-0000-0000-0000-000000000002','c1000000-0000-0000-0000-000000000003',3,4),
('20000000-0000-0000-0000-000000000002','c1000000-0000-0000-0000-000000000005',2,3),
('20000000-0000-0000-0000-000000000003','c1000000-0000-0000-0000-000000000007',2,4),
('20000000-0000-0000-0000-000000000003','c1000000-0000-0000-0000-000000000005',2,3),
('20000000-0000-0000-0000-000000000004','c1000000-0000-0000-0000-000000000004',2,3),
('20000000-0000-0000-0000-000000000005','c1000000-0000-0000-0000-000000000008',3,4),
('20000000-0000-0000-0000-000000000005','c1000000-0000-0000-0000-000000000005',2,3)
ON CONFLICT (idp_id,competency_id) DO UPDATE SET current_level=EXCLUDED.current_level,target_level=EXCLUDED.target_level;

INSERT INTO tasks (id,idp_id,title,description,category_id,priority,due_date,status,progress,manager_rating,manager_comment,deleted_at) VALUES
('30000000-0000-0000-0000-000000000001','20000000-0000-0000-0000-000000000001','Пройти углублённый курс Go','Конкурентность, профилирование и работа с памятью','40000000-0000-0000-0000-000000000001','high',CURRENT_DATE-20,'completed',100,'met','Материал освоен и применён в проекте',NULL),
('30000000-0000-0000-0000-000000000002','20000000-0000-0000-0000-000000000001','Оптимизировать запросы отчётности','Разобрать планы выполнения и добавить индексы','40000000-0000-0000-0000-000000000002','high',CURRENT_DATE+5,'in_progress',65,NULL,NULL,NULL),
('30000000-0000-0000-0000-000000000003','20000000-0000-0000-0000-000000000001','Провести доклад по профилированию','Подготовить примеры и выступить на engineering meetup','40000000-0000-0000-0000-000000000003','medium',CURRENT_DATE+35,'not_started',10,NULL,NULL,NULL),
('30000000-0000-0000-0000-000000000004','20000000-0000-0000-0000-000000000001','Подготовить ADR нового сервиса','Зафиксировать архитектурные решения и компромиссы','40000000-0000-0000-0000-000000000005','high',CURRENT_DATE-5,'in_progress',70,NULL,NULL,NULL),
('30000000-0000-0000-0000-000000000005','20000000-0000-0000-0000-000000000002','Провести аудит производительности React','Измерить рендеры и подготовить рекомендации','40000000-0000-0000-0000-000000000002','high',CURRENT_DATE+3,'in_progress',80,NULL,NULL,NULL),
('30000000-0000-0000-0000-000000000006','20000000-0000-0000-0000-000000000002','Внедрить lazy loading модулей','Разделить тяжёлые страницы приложения','40000000-0000-0000-0000-000000000005','medium',CURRENT_DATE+30,'not_started',20,NULL,NULL,NULL),
('30000000-0000-0000-0000-000000000007','20000000-0000-0000-0000-000000000002','Проверить интерфейс по WCAG','Составить список проблем доступности','40000000-0000-0000-0000-000000000004','medium',CURRENT_DATE-2,'not_started',35,NULL,NULL,NULL),
('30000000-0000-0000-0000-000000000008','20000000-0000-0000-0000-000000000003','Добавить API integration tests','Покрыть матрицу ролей и ключевые сценарии','40000000-0000-0000-0000-000000000002','high',CURRENT_DATE+18,'in_progress',55,NULL,NULL,NULL),
('30000000-0000-0000-0000-000000000009','20000000-0000-0000-0000-000000000003','Автоматизировать smoke-набор','Запускать проверки после каждого деплоя','40000000-0000-0000-0000-000000000005','medium',CURRENT_DATE+40,'not_started',15,NULL,NULL,NULL),
('30000000-0000-0000-0000-000000000010','20000000-0000-0000-0000-000000000005','Ускорить Docker build','Настроить кэширование зависимостей и слоёв','40000000-0000-0000-0000-000000000002','high',CURRENT_DATE+8,'in_progress',60,NULL,NULL,NULL),
('30000000-0000-0000-0000-000000000011','20000000-0000-0000-0000-000000000005','Добавить quality gates','Проверять тесты и уязвимости до публикации','40000000-0000-0000-0000-000000000005','medium',CURRENT_DATE+50,'not_started',5,NULL,NULL,NULL),
('30000000-0000-0000-0000-000000000012','20000000-0000-0000-0000-000000000006','Реализовать первый REST API','Учебный сервис с документацией','40000000-0000-0000-0000-000000000002','medium',CURRENT_DATE-270,'completed',100,'met','Хорошая базовая реализация',NULL),
('30000000-0000-0000-0000-000000000013','20000000-0000-0000-0000-000000000007','Разработать модуль на React','Форма и таблица с API-интеграцией','40000000-0000-0000-0000-000000000002','medium',CURRENT_DATE-200,'completed',100,'met','Задача выполнена самостоятельно',NULL),
('30000000-0000-0000-0000-000000000014','20000000-0000-0000-0000-000000000008','Составить тестовую модель','Чек-листы и тест-кейсы критических функций','40000000-0000-0000-0000-000000000001','medium',CURRENT_DATE-170,'completed',100,'met','Полное покрытие требований',NULL)
ON CONFLICT (id) DO UPDATE SET title=EXCLUDED.title,description=EXCLUDED.description,category_id=EXCLUDED.category_id,
priority=EXCLUDED.priority,due_date=EXCLUDED.due_date,status=EXCLUDED.status,progress=EXCLUDED.progress,
manager_rating=EXCLUDED.manager_rating,manager_comment=EXCLUDED.manager_comment,deleted_at=NULL,updated_at=NOW();

INSERT INTO task_competencies (task_id,competency_id) VALUES
('30000000-0000-0000-0000-000000000001','c1000000-0000-0000-0000-000000000001'),
('30000000-0000-0000-0000-000000000002','c1000000-0000-0000-0000-000000000002'),
('30000000-0000-0000-0000-000000000003','c1000000-0000-0000-0000-000000000005'),
('30000000-0000-0000-0000-000000000004','c1000000-0000-0000-0000-000000000004'),
('30000000-0000-0000-0000-000000000005','c1000000-0000-0000-0000-000000000003'),
('30000000-0000-0000-0000-000000000007','c1000000-0000-0000-0000-000000000005'),
('30000000-0000-0000-0000-000000000008','c1000000-0000-0000-0000-000000000007'),
('30000000-0000-0000-0000-000000000010','c1000000-0000-0000-0000-000000000008') ON CONFLICT DO NOTHING;

INSERT INTO task_tags (task_id,tag_id) VALUES
('30000000-0000-0000-0000-000000000001','50000000-0000-0000-0000-000000000002'),
('30000000-0000-0000-0000-000000000002','50000000-0000-0000-0000-000000000001'),
('30000000-0000-0000-0000-000000000003','50000000-0000-0000-0000-000000000003'),
('30000000-0000-0000-0000-000000000005','50000000-0000-0000-0000-000000000001'),
('30000000-0000-0000-0000-000000000008','50000000-0000-0000-0000-000000000004'),
('30000000-0000-0000-0000-000000000010','50000000-0000-0000-0000-000000000002') ON CONFLICT DO NOTHING;

INSERT INTO task_resources (id,task_id,title,url) VALUES
('35000000-0000-0000-0000-000000000001','30000000-0000-0000-0000-000000000001','Effective Go','https://go.dev/doc/effective_go'),
('35000000-0000-0000-0000-000000000002','30000000-0000-0000-0000-000000000002','PostgreSQL EXPLAIN','https://www.postgresql.org/docs/current/using-explain.html'),
('35000000-0000-0000-0000-000000000003','30000000-0000-0000-0000-000000000005','React Profiler','https://react.dev/reference/react/Profiler')
ON CONFLICT (id) DO UPDATE SET title=EXCLUDED.title,url=EXCLUDED.url;

INSERT INTO comments (id,author_id,entity_type,entity_id,content,is_deleted,created_at,updated_at) VALUES
('60000000-0000-0000-0000-000000000001','10000000-0000-0000-0000-000000000001','idp','20000000-0000-0000-0000-000000000001','На следующей встрече обсудим результаты профилирования.',false,NOW()-INTERVAL '8 days',NOW()-INTERVAL '8 days'),
('60000000-0000-0000-0000-000000000002','11000000-0000-0000-0000-000000000001','task','30000000-0000-0000-0000-000000000002','Подготовил первый вариант индексов, проверяю на копии данных.',false,NOW()-INTERVAL '4 days',NOW()-INTERVAL '4 days'),
('60000000-0000-0000-0000-000000000003','10000000-0000-0000-0000-000000000001','task','30000000-0000-0000-0000-000000000005','Добавь замеры до и после оптимизации.',false,NOW()-INTERVAL '2 days',NOW()-INTERVAL '2 days')
ON CONFLICT (id) DO UPDATE SET content=EXCLUDED.content,is_deleted=false,created_at=EXCLUDED.created_at,updated_at=EXCLUDED.updated_at;

INSERT INTO audit_logs (id,actor_id,entity_type,entity_id,action,old_value,new_value,created_at) VALUES
('70000000-0000-0000-0000-000000000001','11000000-0000-0000-0000-000000000001','task','30000000-0000-0000-0000-000000000002','task.progress_changed','{"progress":20}','{"progress":35}',NOW()-INTERVAL '70 days'),
('70000000-0000-0000-0000-000000000002','11000000-0000-0000-0000-000000000002','task','30000000-0000-0000-0000-000000000005','task.progress_changed','{"progress":10}','{"progress":30}',NOW()-INTERVAL '56 days'),
('70000000-0000-0000-0000-000000000003','11000000-0000-0000-0000-000000000003','task','30000000-0000-0000-0000-000000000008','task.progress_changed','{"progress":10}','{"progress":25}',NOW()-INTERVAL '42 days'),
('70000000-0000-0000-0000-000000000004','11000000-0000-0000-0000-000000000005','task','30000000-0000-0000-0000-000000000010','task.progress_changed','{"progress":15}','{"progress":35}',NOW()-INTERVAL '35 days'),
('70000000-0000-0000-0000-000000000005','11000000-0000-0000-0000-000000000001','task','30000000-0000-0000-0000-000000000002','task.progress_changed','{"progress":35}','{"progress":50}',NOW()-INTERVAL '21 days'),
('70000000-0000-0000-0000-000000000006','11000000-0000-0000-0000-000000000002','task','30000000-0000-0000-0000-000000000005','task.progress_changed','{"progress":30}','{"progress":60}',NOW()-INTERVAL '14 days'),
('70000000-0000-0000-0000-000000000007','11000000-0000-0000-0000-000000000003','task','30000000-0000-0000-0000-000000000008','task.progress_changed','{"progress":25}','{"progress":55}',NOW()-INTERVAL '7 days'),
('70000000-0000-0000-0000-000000000008','11000000-0000-0000-0000-000000000005','task','30000000-0000-0000-0000-000000000010','task.progress_changed','{"progress":35}','{"progress":60}',NOW()-INTERVAL '2 days')
ON CONFLICT (id) DO UPDATE SET old_value=EXCLUDED.old_value,new_value=EXCLUDED.new_value,created_at=EXCLUDED.created_at;

INSERT INTO idp_templates (id,creator_id,title,description,goals,target_role,is_active) VALUES
('80000000-0000-0000-0000-000000000001','10000000-0000-0000-0000-000000000001','Backend-разработчик: рост до Senior','Практический план развития архитектурных и технических навыков',E'- Проектировать надёжные сервисы\n- Оптимизировать работу с данными\n- Делиться знаниями с командой','Senior Backend Developer',true),
('80000000-0000-0000-0000-000000000002','10000000-0000-0000-0000-000000000001','Адаптация нового разработчика','План первых месяцев работы в инженерной команде',E'- Освоить процессы команды\n- Выполнить первую самостоятельную задачу','Разработчик',true),
('80000000-0000-0000-0000-000000000003','10000000-0000-0000-0000-000000000001','Развитие технического лидерства','Навыки наставничества, коммуникации и системного дизайна',E'- Проводить технические ревью\n- Развивать коллег','Tech Lead',true)
ON CONFLICT (id) DO UPDATE SET title=EXCLUDED.title,description=EXCLUDED.description,goals=EXCLUDED.goals,target_role=EXCLUDED.target_role,is_active=true,updated_at=NOW();

DELETE FROM template_tasks WHERE template_id IN ('80000000-0000-0000-0000-000000000001','80000000-0000-0000-0000-000000000002','80000000-0000-0000-0000-000000000003');
DELETE FROM template_competencies WHERE template_id IN ('80000000-0000-0000-0000-000000000001','80000000-0000-0000-0000-000000000002','80000000-0000-0000-0000-000000000003');
INSERT INTO template_tasks (template_id,title,description,category_id,priority,due_offset_days) VALUES
('80000000-0000-0000-0000-000000000001','Курс по системному дизайну','Изучить паттерны распределённых систем','40000000-0000-0000-0000-000000000001','high',45),
('80000000-0000-0000-0000-000000000001','Спроектировать новый сервис','Подготовить ADR и провести архитектурное ревью','40000000-0000-0000-0000-000000000005','high',90),
('80000000-0000-0000-0000-000000000001','Провести внутренний доклад','Поделиться результатами с командой','40000000-0000-0000-0000-000000000003','medium',140),
('80000000-0000-0000-0000-000000000002','Изучить инженерные процессы','Ознакомиться с регламентами и инструментами','40000000-0000-0000-0000-000000000001','medium',14),
('80000000-0000-0000-0000-000000000002','Выполнить первую задачу','Пройти полный цикл от разработки до production','40000000-0000-0000-0000-000000000002','high',45),
('80000000-0000-0000-0000-000000000002','Провести ретроспективу адаптации','Обсудить результаты с руководителем','40000000-0000-0000-0000-000000000003','low',80),
('80000000-0000-0000-0000-000000000003','Наставничество сотрудника','Проводить регулярные встречи и ревью','40000000-0000-0000-0000-000000000003','high',120),
('80000000-0000-0000-0000-000000000003','Провести архитектурную сессию','Согласовать решение сложной технической задачи','40000000-0000-0000-0000-000000000005','high',60);

INSERT INTO template_competencies (template_id,competency_id,target_level) VALUES
('80000000-0000-0000-0000-000000000001','c1000000-0000-0000-0000-000000000001',4),
('80000000-0000-0000-0000-000000000001','c1000000-0000-0000-0000-000000000002',3),
('80000000-0000-0000-0000-000000000001','c1000000-0000-0000-0000-000000000004',3),
('80000000-0000-0000-0000-000000000002','c1000000-0000-0000-0000-000000000005',2),
('80000000-0000-0000-0000-000000000003','c1000000-0000-0000-0000-000000000004',4),
('80000000-0000-0000-0000-000000000003','c1000000-0000-0000-0000-000000000006',4),
('80000000-0000-0000-0000-000000000003','c1000000-0000-0000-0000-000000000005',4)
ON CONFLICT (template_id,competency_id) DO UPDATE SET target_level=EXCLUDED.target_level;

COMMIT;
